{"cameraMode":{"drawMode":0,"name":"Shaded","section":"Shading Mode"},"sceneLighting":true,"audioPlay":false,"sceneViewState":{"showFog":true,"showMaterialUpdate":false,"showSkybox":true,"showFlares":true,"showImageEffects":true,"showParticleSystems":true},"in2DMode":false,"pivot":{"x":-1.3930482864379883,"y":-0.7572231292724609,"z":0.817028284072876},"rotation":{"x":0.12848453223705293,"y":0.7896703481674194,"z":-0.1770002543926239,"w":0.5732219219207764},"size":5.755463600158691,"orthographic":false}