{"cameraMode":{"drawMode":0,"name":"Shaded","section":"Shading Mode"},"sceneLighting":true,"audioPlay":false,"sceneViewState":{"showFog":true,"showMaterialUpdate":false,"showSkybox":true,"showFlares":true,"showImageEffects":true,"showParticleSystems":true},"in2DMode":false,"pivot":{"x":1.1064951419830323,"y":-2.687344551086426,"z":-0.6985630989074707},"rotation":{"x":0.4708528220653534,"y":0.23519250750541688,"z":-0.13183444738388062,"w":0.8400011658668518},"size":5.254731178283691,"orthographic":false}